defnem1,a123456789
defnem2,a123456790
defnem3,a123456791
defnem4,a123456792
defnem5,a123456793
defnem6,a123456794
defnem7,a123456795
defnem8,a123456796
defnem9,a123456797
defnem10,a123456798
defnem11,a123456799
defnem12,a123456800
defnem13,a123456801
defnem14,a123456802
defnem15,a123456803
defnem16,a123456804
defnem17,a123456805
defnem18,a123456806
defnem19,a123456807
defnem20,a123456808
defnem21,a123456809
defnem22,a123456810
defnem23,a123456811
defnem24,a123456812
defnem25,a123456813
defnem26,a123456814
defnem27,a123456815
defnem28,a123456816
defnem29,a123456817
defnem30,a123456818
defnem31,a123456819
defnem32,a123456820
defnem33,a123456821
defnem34,a123456822
defnem35,a123456823
defnem36,a123456824
defnem37,a123456825
defnem38,a123456826
defnem39,a123456827
defnem40,a123456828
defnem41,a123456829
defnem42,a123456830
defnem43,a123456831
defnem44,a123456832
defnem45,a123456833
defnem46,a123456834
defnem47,a123456835
defnem48,a123456836
defnem49,a123456837
defnem50,a123456838
defnem51,a123456839
defnem52,a123456840
defnem53,a123456841
defnem54,a123456842
defnem55,a123456843
defnem56,a123456844
defnem57,a123456845
defnem58,a123456846
defnem59,a123456847
defnem60,a123456848
defnem61,a123456849
defnem62,a123456850
defnem63,a123456851
defnem64,a123456852
defnem65,a123456853
defnem66,a123456854
defnem67,a123456855
defnem68,a123456856
defnem69,a123456857
defnem70,a123456858
defnem71,a123456859
defnem72,a123456860
defnem73,a123456861
defnem74,a123456862
defnem75,a123456863
defnem76,a123456864
defnem77,a123456865
defnem78,a123456866
defnem79,a123456867
defnem80,a123456868
defnem81,a123456869
defnem82,a123456870
defnem83,a123456871
defnem84,a123456872
defnem85,a123456873
defnem86,a123456874
defnem87,a123456875
defnem88,a123456876
defnem89,a123456877
defnem90,a123456878
defnem91,a123456879
defnem92,a123456880
defnem93,a123456881
defnem94,a123456882
defnem95,a123456883
defnem96,a123456884
defnem97,a123456885
defnem98,a123456886
defnem99,a123456887
defnem100,a123456888